{
	"parent": "item/handheld",
	"textures": {
		"layer0": "item/apple"
	},
	
	"overrides": [
		{"predicate": {"custom_model_data":1}, "model": "item/apple/1"},
		{"predicate": {"custom_model_data":2}, "model": "item/apple/2"},
		{"predicate": {"custom_model_data":3}, "model": "item/apple/3"},
		{"predicate": {"custom_model_data":4}, "model": "item/apple/4"},
		{"predicate": {"custom_model_data":5}, "model": "item/apple/5"},
		{"predicate": {"custom_model_data":6}, "model": "item/apple/6"},
		{"predicate": {"custom_model_data":7}, "model": "item/apple/7"},
		{"predicate": {"custom_model_data":8}, "model": "item/apple/8"},
		{"predicate": {"custom_model_data":9}, "model": "item/apple/9"},
		{"predicate": {"custom_model_data":10}, "model": "item/apple/10"},
		{"predicate": {"custom_model_data":11}, "model": "item/apple/11"},
		{"predicate": {"custom_model_data":12}, "model": "item/apple/12"},
		{"predicate": {"custom_model_data":13}, "model": "item/apple/13"},
		{"predicate": {"custom_model_data":14}, "model": "item/apple/14"},
		{"predicate": {"custom_model_data":15}, "model": "item/apple/15"},
		{"predicate": {"custom_model_data":16}, "model": "item/apple/16"},
		{"predicate": {"custom_model_data":17}, "model": "item/apple/17"},
		{"predicate": {"custom_model_data":18}, "model": "item/apple/18"},
		{"predicate": {"custom_model_data":19}, "model": "item/apple/19"},
		{"predicate": {"custom_model_data":20}, "model": "item/apple/20"},
		{"predicate": {"custom_model_data":21}, "model": "item/apple/21"},
		{"predicate": {"custom_model_data":22}, "model": "item/apple/22"},
		{"predicate": {"custom_model_data":23}, "model": "item/apple/23"},
		{"predicate": {"custom_model_data":24}, "model": "item/apple/24"},
		{"predicate": {"custom_model_data":25}, "model": "item/apple/25"},
		{"predicate": {"custom_model_data":26}, "model": "item/apple/26"},
		{"predicate": {"custom_model_data":27}, "model": "item/apple/27"},
		{"predicate": {"custom_model_data":28}, "model": "item/apple/28"},
		{"predicate": {"custom_model_data":29}, "model": "item/apple/29"},
		{"predicate": {"custom_model_data":30}, "model": "item/apple/30"},
		{"predicate": {"custom_model_data":31}, "model": "item/apple/31"}

		

	]
}