{
	"parent": "item/handheld",
	"textures": {
		"layer0": "item/arrow"
	},
	
	"overrides": [
		{"predicate": {"custom_model_data":1}, "model": "item/arrow/1"},
		{"predicate": {"custom_model_data":2}, "model": "item/arrow/2"},
		{"predicate": {"custom_model_data":3}, "model": "item/arrow/3"},
		{"predicate": {"custom_model_data":4}, "model": "item/arrow/4"},
		{"predicate": {"custom_model_data":5}, "model": "item/arrow/5"},
		{"predicate": {"custom_model_data":6}, "model": "item/arrow/6"},
		{"predicate": {"custom_model_data":7}, "model": "item/arrow/7"},
		{"predicate": {"custom_model_data":8}, "model": "item/arrow/8"},
		{"predicate": {"custom_model_data":9}, "model": "item/arrow/9"},
		{"predicate": {"custom_model_data":10}, "model": "item/arrow/10"},
		{"predicate": {"custom_model_data":11}, "model": "item/arrow/11"},
		{"predicate": {"custom_model_data":12}, "model": "item/arrow/12"},
		{"predicate": {"custom_model_data":13}, "model": "item/arrow/13"},
		{"predicate": {"custom_model_data":14}, "model": "item/arrow/14"},
		{"predicate": {"custom_model_data":15}, "model": "item/arrow/15"},
		{"predicate": {"custom_model_data":16}, "model": "item/arrow/16"},
		{"predicate": {"custom_model_data":17}, "model": "item/arrow/17"},
		{"predicate": {"custom_model_data":18}, "model": "item/arrow/18"},
		{"predicate": {"custom_model_data":19}, "model": "item/arrow/19"},
		{"predicate": {"custom_model_data":20}, "model": "item/arrow/20"},
		{"predicate": {"custom_model_data":21}, "model": "item/arrow/21"},
		{"predicate": {"custom_model_data":22}, "model": "item/arrow/22"},
		{"predicate": {"custom_model_data":23}, "model": "item/arrow/23"},
		{"predicate": {"custom_model_data":24}, "model": "item/arrow/24"},
		{"predicate": {"custom_model_data":25}, "model": "item/arrow/25"},
		{"predicate": {"custom_model_data":26}, "model": "item/arrow/26"},
		{"predicate": {"custom_model_data":27}, "model": "item/arrow/27"},
		{"predicate": {"custom_model_data":28}, "model": "item/arrow/28"},
		{"predicate": {"custom_model_data":29}, "model": "item/arrow/29"},
		{"predicate": {"custom_model_data":30}, "model": "item/arrow/30"},
		{"predicate": {"custom_model_data":31}, "model": "item/arrow/31"}

		

	]
}