{
	"parent": "item/handheld",
	"textures": {
		"layer0": "item/beef"
	},
	
	"overrides": [
		{"predicate": {"custom_model_data":1}, "model": "item/beef/1"},
		{"predicate": {"custom_model_data":2}, "model": "item/beef/2"},
		{"predicate": {"custom_model_data":3}, "model": "item/beef/3"},
		{"predicate": {"custom_model_data":4}, "model": "item/beef/4"},
		{"predicate": {"custom_model_data":5}, "model": "item/beef/5"},
		{"predicate": {"custom_model_data":6}, "model": "item/beef/6"},
		{"predicate": {"custom_model_data":7}, "model": "item/beef/7"},
		{"predicate": {"custom_model_data":8}, "model": "item/beef/8"},
		{"predicate": {"custom_model_data":9}, "model": "item/beef/9"},
		{"predicate": {"custom_model_data":10}, "model": "item/beef/10"},
		{"predicate": {"custom_model_data":11}, "model": "item/beef/11"},
		{"predicate": {"custom_model_data":12}, "model": "item/beef/12"},
		{"predicate": {"custom_model_data":13}, "model": "item/beef/13"},
		{"predicate": {"custom_model_data":14}, "model": "item/beef/14"},
		{"predicate": {"custom_model_data":15}, "model": "item/beef/15"},
		{"predicate": {"custom_model_data":16}, "model": "item/beef/16"},
		{"predicate": {"custom_model_data":17}, "model": "item/beef/17"},
		{"predicate": {"custom_model_data":18}, "model": "item/beef/18"},
		{"predicate": {"custom_model_data":19}, "model": "item/beef/19"},
		{"predicate": {"custom_model_data":20}, "model": "item/beef/20"},
		{"predicate": {"custom_model_data":21}, "model": "item/beef/21"},
		{"predicate": {"custom_model_data":22}, "model": "item/beef/22"},
		{"predicate": {"custom_model_data":23}, "model": "item/beef/23"},
		{"predicate": {"custom_model_data":24}, "model": "item/beef/24"},
		{"predicate": {"custom_model_data":25}, "model": "item/beef/25"},
		{"predicate": {"custom_model_data":26}, "model": "item/beef/26"},
		{"predicate": {"custom_model_data":27}, "model": "item/beef/27"},
		{"predicate": {"custom_model_data":28}, "model": "item/beef/28"},
		{"predicate": {"custom_model_data":29}, "model": "item/beef/29"},
		{"predicate": {"custom_model_data":30}, "model": "item/beef/30"},
		{"predicate": {"custom_model_data":31}, "model": "item/beef/31"}

		

	]
}