{
	"parent": "item/handheld",
	"textures": {
		"layer0": "item/bread"
	},
	
	"overrides": [
		{"predicate": {"custom_model_data":1}, "model": "item/bread/1"},
		{"predicate": {"custom_model_data":2}, "model": "item/bread/2"},
		{"predicate": {"custom_model_data":3}, "model": "item/bread/3"},
		{"predicate": {"custom_model_data":4}, "model": "item/bread/4"},
		{"predicate": {"custom_model_data":5}, "model": "item/bread/5"},
		{"predicate": {"custom_model_data":6}, "model": "item/bread/6"},
		{"predicate": {"custom_model_data":7}, "model": "item/bread/7"},
		{"predicate": {"custom_model_data":8}, "model": "item/bread/8"},
		{"predicate": {"custom_model_data":9}, "model": "item/bread/9"},
		{"predicate": {"custom_model_data":10}, "model": "item/bread/10"},
		{"predicate": {"custom_model_data":11}, "model": "item/bread/11"},
		{"predicate": {"custom_model_data":12}, "model": "item/bread/12"},
		{"predicate": {"custom_model_data":13}, "model": "item/bread/13"},
		{"predicate": {"custom_model_data":14}, "model": "item/bread/14"},
		{"predicate": {"custom_model_data":15}, "model": "item/bread/15"},
		{"predicate": {"custom_model_data":16}, "model": "item/bread/16"},
		{"predicate": {"custom_model_data":17}, "model": "item/bread/17"},
		{"predicate": {"custom_model_data":18}, "model": "item/bread/18"},
		{"predicate": {"custom_model_data":19}, "model": "item/bread/19"},
		{"predicate": {"custom_model_data":20}, "model": "item/bread/20"},
		{"predicate": {"custom_model_data":21}, "model": "item/bread/21"},
		{"predicate": {"custom_model_data":22}, "model": "item/bread/22"},
		{"predicate": {"custom_model_data":23}, "model": "item/bread/23"},
		{"predicate": {"custom_model_data":24}, "model": "item/bread/24"},
		{"predicate": {"custom_model_data":25}, "model": "item/bread/25"},
		{"predicate": {"custom_model_data":26}, "model": "item/bread/26"},
		{"predicate": {"custom_model_data":27}, "model": "item/bread/27"},
		{"predicate": {"custom_model_data":28}, "model": "item/bread/28"},
		{"predicate": {"custom_model_data":29}, "model": "item/bread/29"},
		{"predicate": {"custom_model_data":30}, "model": "item/bread/30"},
		{"predicate": {"custom_model_data":31}, "model": "item/bread/31"}

		

	]
}