{
	"parent": "item/handheld",
	"textures": {
		"layer0": "item/cooked_beef"
	},
	
	"overrides": [
		{"predicate": {"custom_model_data":1}, "model": "item/cooked_beef/1"},
		{"predicate": {"custom_model_data":2}, "model": "item/cooked_beef/2"},
		{"predicate": {"custom_model_data":3}, "model": "item/cooked_beef/3"},
		{"predicate": {"custom_model_data":4}, "model": "item/cooked_beef/4"},
		{"predicate": {"custom_model_data":5}, "model": "item/cooked_beef/5"},
		{"predicate": {"custom_model_data":6}, "model": "item/cooked_beef/6"},
		{"predicate": {"custom_model_data":7}, "model": "item/cooked_beef/7"},
		{"predicate": {"custom_model_data":8}, "model": "item/cooked_beef/8"},
		{"predicate": {"custom_model_data":9}, "model": "item/cooked_beef/9"},
		{"predicate": {"custom_model_data":10}, "model": "item/cooked_beef/10"},
		{"predicate": {"custom_model_data":11}, "model": "item/cooked_beef/11"},
		{"predicate": {"custom_model_data":12}, "model": "item/cooked_beef/12"},
		{"predicate": {"custom_model_data":13}, "model": "item/cooked_beef/13"},
		{"predicate": {"custom_model_data":14}, "model": "item/cooked_beef/14"},
		{"predicate": {"custom_model_data":15}, "model": "item/cooked_beef/15"},
		{"predicate": {"custom_model_data":16}, "model": "item/cooked_beef/16"},
		{"predicate": {"custom_model_data":17}, "model": "item/cooked_beef/17"},
		{"predicate": {"custom_model_data":18}, "model": "item/cooked_beef/18"},
		{"predicate": {"custom_model_data":19}, "model": "item/cooked_beef/19"},
		{"predicate": {"custom_model_data":20}, "model": "item/cooked_beef/20"},
		{"predicate": {"custom_model_data":21}, "model": "item/cooked_beef/21"},
		{"predicate": {"custom_model_data":22}, "model": "item/cooked_beef/22"},
		{"predicate": {"custom_model_data":23}, "model": "item/cooked_beef/23"},
		{"predicate": {"custom_model_data":24}, "model": "item/cooked_beef/24"},
		{"predicate": {"custom_model_data":25}, "model": "item/cooked_beef/25"},
		{"predicate": {"custom_model_data":26}, "model": "item/cooked_beef/26"},
		{"predicate": {"custom_model_data":27}, "model": "item/cooked_beef/27"},
		{"predicate": {"custom_model_data":28}, "model": "item/cooked_beef/28"},
		{"predicate": {"custom_model_data":29}, "model": "item/cooked_beef/29"},
		{"predicate": {"custom_model_data":30}, "model": "item/cooked_beef/30"},
		{"predicate": {"custom_model_data":31}, "model": "item/cooked_beef/31"}

		

	]
}