{
	"parent": "item/handheld",
	"textures": {
		"layer0": "item/diamond_hoe"
	},
	
	"overrides": [
		{"predicate": {"custom_model_data":1}, "model": "item/diamond_hoe/1"},
		{"predicate": {"custom_model_data":2}, "model": "item/diamond_hoe/2"},
		{"predicate": {"custom_model_data":3}, "model": "item/diamond_hoe/3"},
		{"predicate": {"custom_model_data":4}, "model": "item/diamond_hoe/4"},
		{"predicate": {"custom_model_data":5}, "model": "item/diamond_hoe/5"},
		{"predicate": {"custom_model_data":6}, "model": "item/diamond_hoe/6"},
		{"predicate": {"custom_model_data":7}, "model": "item/diamond_hoe/7"},
		{"predicate": {"custom_model_data":8}, "model": "item/diamond_hoe/8"},
		{"predicate": {"custom_model_data":9}, "model": "item/diamond_hoe/9"},
		{"predicate": {"custom_model_data":10}, "model": "item/diamond_hoe/10"},
		{"predicate": {"custom_model_data":11}, "model": "item/diamond_hoe/11"},
		{"predicate": {"custom_model_data":12}, "model": "item/diamond_hoe/12"},
		{"predicate": {"custom_model_data":13}, "model": "item/diamond_hoe/13"},
		{"predicate": {"custom_model_data":14}, "model": "item/diamond_hoe/14"},
		{"predicate": {"custom_model_data":15}, "model": "item/diamond_hoe/15"},
		{"predicate": {"custom_model_data":16}, "model": "item/diamond_hoe/16"},
		{"predicate": {"custom_model_data":17}, "model": "item/diamond_hoe/17"},
		{"predicate": {"custom_model_data":18}, "model": "item/diamond_hoe/18"},
		{"predicate": {"custom_model_data":19}, "model": "item/diamond_hoe/19"},
		{"predicate": {"custom_model_data":20}, "model": "item/diamond_hoe/20"},
		{"predicate": {"custom_model_data":20}, "model": "item/diamond_hoe/21"},
		{"predicate": {"custom_model_data":20}, "model": "item/diamond_hoe/22"},
		{"predicate": {"custom_model_data":20}, "model": "item/diamond_hoe/23"},
		{"predicate": {"custom_model_data":20}, "model": "item/diamond_hoe/24"},
		{"predicate": {"custom_model_data":20}, "model": "item/diamond_hoe/25"},
		{"predicate": {"custom_model_data":20}, "model": "item/diamond_hoe/26"},
		{"predicate": {"custom_model_data":20}, "model": "item/diamond_hoe/27"},
		{"predicate": {"custom_model_data":20}, "model": "item/diamond_hoe/28"},
		{"predicate": {"custom_model_data":20}, "model": "item/diamond_hoe/29"},
		{"predicate": {"custom_model_data":20}, "model": "item/diamond_hoe/30"},
		{"predicate": {"custom_model_data":20}, "model": "item/diamond_hoe/31"},
		{"predicate": {"custom_model_data":20}, "model": "item/diamond_hoe/32"},
		{"predicate": {"custom_model_data":20}, "model": "item/diamond_hoe/33"},
		{"predicate": {"custom_model_data":20}, "model": "item/diamond_hoe/34"},
		{"predicate": {"custom_model_data":20}, "model": "item/diamond_hoe/35"},
		{"predicate": {"custom_model_data":20}, "model": "item/diamond_hoe/36"},
		{"predicate": {"custom_model_data":20}, "model": "item/diamond_hoe/37"},
		{"predicate": {"custom_model_data":20}, "model": "item/diamond_hoe/38"},
		{"predicate": {"custom_model_data":20}, "model": "item/diamond_hoe/39"},
		{"predicate": {"custom_model_data":20}, "model": "item/diamond_hoe/40"}

		

	]
}