{
	"parent": "item/handheld",
	"textures": {
		"layer0": "item/diamond_shovel"
	},
	
	"overrides": [
		{"predicate": {"custom_model_data":1}, "model": "item/diamond_shovel/1"},
		{"predicate": {"custom_model_data":2}, "model": "item/diamond_shovel/2"},
		{"predicate": {"custom_model_data":3}, "model": "item/diamond_shovel/3"},
		{"predicate": {"custom_model_data":4}, "model": "item/diamond_shovel/4"},
		{"predicate": {"custom_model_data":5}, "model": "item/diamond_shovel/5"},
		{"predicate": {"custom_model_data":6}, "model": "item/diamond_shovel/6"},
		{"predicate": {"custom_model_data":7}, "model": "item/diamond_shovel/7"},
		{"predicate": {"custom_model_data":8}, "model": "item/diamond_shovel/8"},
		{"predicate": {"custom_model_data":9}, "model": "item/diamond_shovel/9"},
		{"predicate": {"custom_model_data":10}, "model": "item/diamond_shovel/10"},
		{"predicate": {"custom_model_data":11}, "model": "item/diamond_shovel/11"},
		{"predicate": {"custom_model_data":12}, "model": "item/diamond_shovel/12"},
		{"predicate": {"custom_model_data":13}, "model": "item/diamond_shovel/13"},
		{"predicate": {"custom_model_data":14}, "model": "item/diamond_shovel/14"},
		{"predicate": {"custom_model_data":15}, "model": "item/diamond_shovel/15"},
		{"predicate": {"custom_model_data":16}, "model": "item/diamond_shovel/16"},
		{"predicate": {"custom_model_data":17}, "model": "item/diamond_shovel/17"},
		{"predicate": {"custom_model_data":18}, "model": "item/diamond_shovel/18"},
		{"predicate": {"custom_model_data":19}, "model": "item/diamond_shovel/19"},
		{"predicate": {"custom_model_data":20}, "model": "item/diamond_shovel/20"},
		{"predicate": {"custom_model_data":20}, "model": "item/diamond_shovel/21"},
		{"predicate": {"custom_model_data":20}, "model": "item/diamond_shovel/22"},
		{"predicate": {"custom_model_data":20}, "model": "item/diamond_shovel/23"},
		{"predicate": {"custom_model_data":20}, "model": "item/diamond_shovel/24"},
		{"predicate": {"custom_model_data":20}, "model": "item/diamond_shovel/25"},
		{"predicate": {"custom_model_data":20}, "model": "item/diamond_shovel/26"},
		{"predicate": {"custom_model_data":20}, "model": "item/diamond_shovel/27"},
		{"predicate": {"custom_model_data":20}, "model": "item/diamond_shovel/28"},
		{"predicate": {"custom_model_data":20}, "model": "item/diamond_shovel/29"},
		{"predicate": {"custom_model_data":20}, "model": "item/diamond_shovel/30"},
		{"predicate": {"custom_model_data":20}, "model": "item/diamond_shovel/31"},
		{"predicate": {"custom_model_data":20}, "model": "item/diamond_shovel/32"},
		{"predicate": {"custom_model_data":20}, "model": "item/diamond_shovel/33"},
		{"predicate": {"custom_model_data":20}, "model": "item/diamond_shovel/34"},
		{"predicate": {"custom_model_data":20}, "model": "item/diamond_shovel/35"},
		{"predicate": {"custom_model_data":20}, "model": "item/diamond_shovel/36"},
		{"predicate": {"custom_model_data":20}, "model": "item/diamond_shovel/37"},
		{"predicate": {"custom_model_data":20}, "model": "item/diamond_shovel/38"},
		{"predicate": {"custom_model_data":20}, "model": "item/diamond_shovel/39"},
		{"predicate": {"custom_model_data":20}, "model": "item/diamond_shovel/40"}

		

	]
}