{
	"parent": "item/handheld",
	"textures": {
		"layer0": "item/emerald"
	},
	
	"overrides": [
		{"predicate": {"custom_model_data":1}, "model": "item/emerald/1"},
		{"predicate": {"custom_model_data":2}, "model": "item/emerald/2"},
		{"predicate": {"custom_model_data":3}, "model": "item/emerald/3"},
		{"predicate": {"custom_model_data":4}, "model": "item/emerald/4"},
		{"predicate": {"custom_model_data":5}, "model": "item/emerald/5"},
		{"predicate": {"custom_model_data":6}, "model": "item/emerald/6"},
		{"predicate": {"custom_model_data":7}, "model": "item/emerald/7"},
		{"predicate": {"custom_model_data":8}, "model": "item/emerald/8"},
		{"predicate": {"custom_model_data":9}, "model": "item/emerald/9"},
		{"predicate": {"custom_model_data":10}, "model": "item/emerald/10"},
		{"predicate": {"custom_model_data":11}, "model": "item/emerald/11"},
		{"predicate": {"custom_model_data":12}, "model": "item/emerald/12"},
		{"predicate": {"custom_model_data":13}, "model": "item/emerald/13"},
		{"predicate": {"custom_model_data":14}, "model": "item/emerald/14"},
		{"predicate": {"custom_model_data":15}, "model": "item/emerald/15"},
		{"predicate": {"custom_model_data":16}, "model": "item/emerald/16"},
		{"predicate": {"custom_model_data":17}, "model": "item/emerald/17"},
		{"predicate": {"custom_model_data":18}, "model": "item/emerald/18"},
		{"predicate": {"custom_model_data":19}, "model": "item/emerald/19"},
		{"predicate": {"custom_model_data":20}, "model": "item/emerald/20"}

		

	]
}