{
	"parent": "item/handheld",
	"textures": {
		"layer0": "item/golden_carrot"
	},
	
	"overrides": [
		{"predicate": {"custom_model_data":1}, "model": "item/golden_carrot/1"},
		{"predicate": {"custom_model_data":2}, "model": "item/golden_carrot/2"},
		{"predicate": {"custom_model_data":3}, "model": "item/golden_carrot/3"},
		{"predicate": {"custom_model_data":4}, "model": "item/golden_carrot/4"},
		{"predicate": {"custom_model_data":5}, "model": "item/golden_carrot/5"},
		{"predicate": {"custom_model_data":6}, "model": "item/golden_carrot/6"},
		{"predicate": {"custom_model_data":7}, "model": "item/golden_carrot/7"},
		{"predicate": {"custom_model_data":8}, "model": "item/golden_carrot/8"},
		{"predicate": {"custom_model_data":9}, "model": "item/golden_carrot/9"},
		{"predicate": {"custom_model_data":10}, "model": "item/golden_carrot/10"},
		{"predicate": {"custom_model_data":11}, "model": "item/golden_carrot/11"},
		{"predicate": {"custom_model_data":12}, "model": "item/golden_carrot/12"},
		{"predicate": {"custom_model_data":13}, "model": "item/golden_carrot/13"},
		{"predicate": {"custom_model_data":14}, "model": "item/golden_carrot/14"},
		{"predicate": {"custom_model_data":15}, "model": "item/golden_carrot/15"},
		{"predicate": {"custom_model_data":16}, "model": "item/golden_carrot/16"},
		{"predicate": {"custom_model_data":17}, "model": "item/golden_carrot/17"},
		{"predicate": {"custom_model_data":18}, "model": "item/golden_carrot/18"},
		{"predicate": {"custom_model_data":19}, "model": "item/golden_carrot/19"},
		{"predicate": {"custom_model_data":20}, "model": "item/golden_carrot/20"},
		{"predicate": {"custom_model_data":21}, "model": "item/golden_carrot/21"},
		{"predicate": {"custom_model_data":22}, "model": "item/golden_carrot/22"},
		{"predicate": {"custom_model_data":23}, "model": "item/golden_carrot/23"},
		{"predicate": {"custom_model_data":24}, "model": "item/golden_carrot/24"},
		{"predicate": {"custom_model_data":25}, "model": "item/golden_carrot/25"},
		{"predicate": {"custom_model_data":26}, "model": "item/golden_carrot/26"},
		{"predicate": {"custom_model_data":27}, "model": "item/golden_carrot/27"},
		{"predicate": {"custom_model_data":28}, "model": "item/golden_carrot/28"},
		{"predicate": {"custom_model_data":29}, "model": "item/golden_carrot/29"},
		{"predicate": {"custom_model_data":30}, "model": "item/golden_carrot/30"},
		{"predicate": {"custom_model_data":31}, "model": "item/golden_carrot/31"}

		

	]
}