{"parent":"minecraft:item/generated","textures":{"layer0":"minecraft:item/leather_horse_armor"},"overrides":[{"predicate":{"custom_model_data":1},"model":"modelengine:rocky/body"},{"predicate":{"custom_model_data":2},"model":"modelengine:rocky/crystal3"},{"predicate":{"custom_model_data":3},"model":"modelengine:rocky/cryatla1"},{"predicate":{"custom_model_data":4},"model":"modelengine:rocky/leftarm"},{"predicate":{"custom_model_data":5},"model":"modelengine:rocky/cystal3"},{"predicate":{"custom_model_data":6},"model":"modelengine:rocky/crystal2"},{"predicate":{"custom_model_data":7},"model":"modelengine:rocky/lowerleftarm"},{"predicate":{"custom_model_data":8},"model":"modelengine:rocky/rightarm"},{"predicate":{"custom_model_data":9},"model":"modelengine:rocky/lowerrightarm"},{"predicate":{"custom_model_data":10},"model":"modelengine:rocky/head"},{"predicate":{"custom_model_data":11},"model":"modelengine:rocky/jaw"},{"predicate":{"custom_model_data":12},"model":"modelengine:rocky/leftleg"},{"predicate":{"custom_model_data":13},"model":"modelengine:rocky/rightleg4"},{"predicate":{"custom_model_data":14},"model":"modelengine:rocky/rightleg"},{"predicate":{"custom_model_data":15},"model":"modelengine:rocky/rightleg2"},{"predicate":{"custom_model_data":16},"model":"modelengine:nocsy_otter_v2/body"},{"predicate":{"custom_model_data":17},"model":"modelengine:nocsy_otter_v2/tail"},{"predicate":{"custom_model_data":18},"model":"modelengine:nocsy_otter_v2/head"},{"predicate":{"custom_model_data":19},"model":"modelengine:nocsy_otter_v2/front_leg_left"},{"predicate":{"custom_model_data":20},"model":"modelengine:nocsy_otter_v2/front_leg_right"},{"predicate":{"custom_model_data":21},"model":"modelengine:nocsy_otter_v2/back_leg_left"},{"predicate":{"custom_model_data":22},"model":"modelengine:nocsy_otter_v2/back_leg_right"}]}